{
    "products" : [
        { 
            "id": 0,
            "img" : "https://cdn.zeplin.io/5f55fc7188711979abd53600/assets/1799DD88-0F47-4166-BAF6-89CC6458621C.png",
            "title":"Ice Cream Bowl",
            "unit":1,
            "old_price":399,
            "new_price":209,
            "offer": {
                "offer_off" : true,
                "off_ratio": 30
            },
            "is_available": true            
        },
        { 
            "id": 1,
            "img" : "https://cdn.zeplin.io/5f55fc7188711979abd53600/assets/58CA154D-E550-43D3-B2C8-09D3C70FF126.png",
            "title":"Baskin Robbin’s Scoop Cup",
            "unit":1,
            "old_price":null,
            "new_price":399,
            "offer": {
                "offer_off" : false,
                "off_ratio": null
            },
            "is_available": false            
        },
        { 
            "id": 2,
            "img" : "https://cdn.zeplin.io/5f55fc7188711979abd53600/assets/B7A02D57-E919-4AEF-B8E2-DC3C1A89BE60.png",
            "title":"Ice Cream Bowl",
            "unit":1,
            "old_price":null,
            "new_price":249,
            "offer": {
                "offer_off" : false,
                "off_ratio": null
            },
            "is_available": true            
        },
        { 
            "id": 3,
            "img" : "https://cdn.zeplin.io/5f55fc7188711979abd53600/assets/A7E55BD5-22C1-4372-B358-8FDF4782592A.png",
            "title":"Kwality Walls Black Currant",
            "unit":1,
            "old_price":null,
            "new_price":175,
            "offer": {
                "offer_off" : false,
                "off_ratio": null
            },
            "is_available": true            
        },
        { 
            "id": 4,
            "img" : "https://cdn.zeplin.io/5f55fc7188711979abd53600/assets/1799DD88-0F47-4166-BAF6-89CC6458621C.png",
            "title":"Ice Cream Bowl",
            "unit":1,
            "old_price":399,
            "new_price":209,
            "offer": {
                "offer_off" : true,
                "off_ratio": 30
            },
            "is_available": true            
        }
    ],
    "bestseller" : [
        { 
            "id": 0,
            "img" : "https://cdn.zeplin.io/5f55fc7188711979abd53600/assets/B7A02D57-E919-4AEF-B8E2-DC3C1A89BE60.png",
            "title":"Food"         
        },
        { 
            "id": 1,
            "img" : "https://cdn.zeplin.io/5f55fc7188711979abd53600/assets/1799DD88-0F47-4166-BAF6-89CC6458621C.png",
            "title":"Home Food"         
        },
        { 
            "id": 2,
            "img" : "https://cdn.zeplin.io/5f55fc7188711979abd53600/assets/A7E55BD5-22C1-4372-B358-8FDF4782592A.png",
            "title":"Fruit Salad"         
        },
        { 
            "id": 3,
            "img" : "https://cdn.zeplin.io/5f55fc7188711979abd53600/assets/B7A02D57-E919-4AEF-B8E2-DC3C1A89BE60.png",
            "title":"Cream"         
        },
        { 
            "id": 4,
            "img" : "https://cdn.zeplin.io/5f55fc7188711979abd53600/assets/A7E55BD5-22C1-4372-B358-8FDF4782592A.png",
            "title":"Fruit"         
        },
        { 
            "id": 4,
            "img" : "https://cdn.zeplin.io/5f55fc7188711979abd53600/assets/1799DD88-0F47-4166-BAF6-89CC6458621C.png",
            "title":"Ice Cream"         
        }
    ]
}